CropType	GrowingSeason	AverageYieldPerAcre
Wheat	Winter	3.7453499717369017
Corn	Summer	3.41906271416689
Soybean	Summer	3.0515485516514094
Rice	Spring	3.6930953956677612
